No,X1 transaction date,X2 house age,X3 distance to the nearest MRT station,X4 number of convenience stores,X5 latitude,X6 longitude,Y house price of unit area,price,area,bedrooms,bathrooms,stories,mainroad,guestroom,basement,hotwaterheating,airconditioning,parking,prefarea,furnishingstatus
1.0,2012.917,32.0,84.87882,10.0,24.98298,121.54024,37.9,13300000,7420,4,2,3,yes,no,no,no,yes,2,yes,furnished
2.0,2012.917,19.5,306.5947,9.0,24.98034,121.53951,42.2,12250000,8960,4,4,4,yes,no,no,no,yes,3,no,furnished
3.0,2013.583,13.3,561.9845,5.0,24.98746,121.54391,47.3,12250000,9960,3,2,2,yes,no,yes,no,no,2,yes,semi-furnished
4.0,2013.5,13.3,561.9845,5.0,24.98746,121.54391,54.8,12215000,7500,4,2,2,yes,no,yes,no,yes,3,yes,furnished
5.0,2012.833,5.0,390.5684,5.0,24.97937,121.54245,43.1,11410000,7420,4,1,2,yes,yes,yes,no,yes,2,no,furnished
6.0,2012.667,7.1,2175.03,3.0,24.96305,121.51254,32.1,10850000,7500,3,3,1,yes,no,yes,no,yes,2,yes,semi-furnished
7.0,2012.667,34.5,623.4731,7.0,24.97933,121.53642,40.3,10150000,8580,4,3,4,yes,no,no,no,yes,2,yes,semi-furnished
8.0,2013.417,20.3,287.6025,6.0,24.98042,121.54228,46.7,10150000,16200,5,3,2,yes,no,no,no,no,0,no,unfurnished
9.0,2013.5,31.7,5512.038,1.0,24.95095,121.48458,18.8,9870000,8100,4,1,2,yes,yes,yes,no,yes,2,yes,furnished
10.0,2013.417,17.9,1783.18,3.0,24.96731,121.51486,22.1,9800000,5750,3,2,4,yes,yes,no,no,yes,1,yes,unfurnished
11.0,2013.083,34.8,405.2134,1.0,24.97349,121.53372,41.4,9800000,13200,3,1,2,yes,no,yes,no,yes,2,yes,furnished
12.0,2013.333,6.3,90.45606,9.0,24.97433,121.5431,58.1,9681000,6000,4,3,2,yes,yes,yes,yes,no,2,no,semi-furnished
13.0,2012.917,13.0,492.2313,5.0,24.96515,121.53737,39.3,9310000,6550,4,2,2,yes,no,no,no,yes,1,yes,semi-furnished
14.0,2012.667,20.4,2469.645,4.0,24.96108,121.51046,23.8,9240000,3500,4,2,2,yes,no,no,yes,no,2,no,furnished
15.0,2013.5,13.2,1164.838,4.0,24.99156,121.53406,34.3,9240000,7800,3,2,2,yes,no,no,no,no,0,yes,semi-furnished
16.0,2013.583,35.7,579.2083,2.0,24.9824,121.54619,50.5,9100000,6000,4,1,2,yes,no,yes,no,no,2,no,semi-furnished
17.0,2013.25,0.0,292.9978,6.0,24.97744,121.54458,70.1,9100000,6600,4,2,2,yes,yes,yes,no,yes,1,yes,unfurnished
18.0,2012.75,17.7,350.8515,1.0,24.97544,121.53119,37.4,8960000,8500,3,2,4,yes,no,no,no,yes,2,no,furnished
19.0,2013.417,16.9,368.1363,8.0,24.9675,121.54451,42.3,8890000,4600,3,2,2,yes,yes,no,no,yes,2,no,furnished
20.0,2012.667,1.5,23.38284,7.0,24.96772,121.54102,47.7,8855000,6420,3,2,2,yes,no,no,no,yes,1,yes,semi-furnished
21.0,2013.417,4.5,2275.877,3.0,24.96314,121.51151,29.3,8750000,4320,3,1,2,yes,no,yes,yes,no,2,no,semi-furnished
22.0,2013.417,10.5,279.1726,7.0,24.97528,121.54541,51.6,8680000,7155,3,2,1,yes,yes,yes,no,yes,2,no,unfurnished
23.0,2012.917,14.7,1360.139,1.0,24.95204,121.54842,24.6,8645000,8050,3,1,1,yes,yes,yes,no,yes,1,no,furnished
24.0,2013.083,10.1,279.1726,7.0,24.97528,121.54541,47.9,8645000,4560,3,2,2,yes,yes,yes,no,yes,1,no,furnished
25.0,2013.0,39.6,480.6977,4.0,24.97353,121.53885,38.8,8575000,8800,3,2,2,yes,no,no,no,yes,2,no,furnished
26.0,2013.083,29.3,1487.868,2.0,24.97542,121.51726,27.0,8540000,6540,4,2,2,yes,yes,yes,no,yes,2,yes,furnished
27.0,2012.667,3.1,383.8624,5.0,24.98085,121.54391,56.2,8463000,6000,3,2,4,yes,yes,yes,no,yes,0,yes,semi-furnished
28.0,2013.25,10.4,276.449,5.0,24.95593,121.53913,33.6,8400000,8875,3,1,1,yes,no,no,no,no,1,no,semi-furnished
29.0,2013.5,19.2,557.478,4.0,24.97419,121.53797,47.0,8400000,7950,5,2,2,yes,no,yes,yes,no,2,no,unfurnished
30.0,2013.083,7.1,451.2438,5.0,24.97563,121.54694,57.1,8400000,5500,4,2,2,yes,no,yes,no,yes,1,yes,semi-furnished
31.0,2013.5,25.9,4519.69,0.0,24.94826,121.49587,22.1,8400000,7475,3,2,4,yes,no,no,no,yes,2,no,unfurnished
32.0,2012.75,29.6,769.4034,7.0,24.98281,121.53408,25.0,8400000,7000,3,1,4,yes,no,no,no,yes,2,no,semi-furnished
33.0,2012.75,37.9,488.5727,1.0,24.97349,121.53451,34.2,8295000,4880,4,2,2,yes,no,no,no,yes,1,yes,furnished
34.0,2013.25,16.5,323.655,6.0,24.97841,121.54281,49.3,8190000,5960,3,3,2,yes,yes,yes,no,no,1,no,unfurnished
35.0,2012.75,15.4,205.367,7.0,24.98419,121.54243,55.1,8120000,6840,5,1,2,yes,yes,yes,no,yes,1,no,furnished
36.0,2013.5,13.9,4079.418,0.0,25.01459,121.51816,27.3,8080940,7000,3,2,4,yes,no,no,no,yes,2,no,furnished
37.0,2012.917,14.7,1935.009,2.0,24.96386,121.51458,22.9,8043000,7482,3,2,3,yes,no,no,yes,no,1,yes,furnished
38.0,2013.167,12.0,1360.139,1.0,24.95204,121.54842,25.3,7980000,9000,4,2,4,yes,no,no,no,yes,2,no,furnished
39.0,2012.667,3.1,577.9615,6.0,24.97201,121.54722,47.7,7962500,6000,3,1,4,yes,yes,no,no,yes,2,no,unfurnished
40.0,2013.167,16.2,289.3248,5.0,24.98203,121.54348,46.2,7910000,6000,4,2,4,yes,no,no,no,yes,1,no,semi-furnished
41.0,2013.0,13.6,4082.015,0.0,24.94155,121.50381,15.9,7875000,6550,3,1,2,yes,no,yes,no,yes,0,yes,furnished
42.0,2013.5,16.8,4066.587,0.0,24.94297,121.50342,18.2,7840000,6360,3,2,4,yes,no,no,no,yes,0,yes,furnished
43.0,2013.417,36.1,519.4617,5.0,24.96305,121.53758,34.7,7700000,6480,3,2,4,yes,no,no,no,yes,2,no,unfurnished
44.0,2012.75,34.4,512.7871,6.0,24.98748,121.54301,34.1,7700000,6000,4,2,4,yes,no,no,no,no,2,no,semi-furnished
45.0,2013.583,2.7,533.4762,4.0,24.97445,121.54765,53.9,7560000,6000,4,2,4,yes,no,no,no,yes,1,no,furnished
46.0,2013.083,36.6,488.8193,8.0,24.97015,121.54494,38.3,7560000,6000,3,2,3,yes,no,no,no,yes,0,no,semi-furnished
47.0,2013.417,21.7,463.9623,9.0,24.9703,121.54458,42.0,7525000,6000,3,2,4,yes,no,no,no,yes,1,no,furnished
48.0,2013.583,35.9,640.7391,3.0,24.97563,121.53715,61.5,7490000,6600,3,1,4,yes,no,no,no,yes,3,yes,furnished
49.0,2013.417,24.2,4605.749,0.0,24.94684,121.49578,13.4,7455000,4300,3,2,2,yes,no,yes,no,no,1,no,unfurnished
50.0,2012.667,29.4,4510.359,1.0,24.94925,121.49542,13.2,7420000,7440,3,2,1,yes,yes,yes,no,yes,0,yes,semi-furnished
51.0,2013.417,21.7,512.5487,4.0,24.974,121.53842,44.2,7420000,7440,3,2,4,yes,no,no,no,no,1,yes,unfurnished
52.0,2013.083,31.3,1758.406,1.0,24.95402,121.55282,20.7,7420000,6325,3,1,4,yes,no,no,no,yes,1,no,unfurnished
53.0,2013.583,32.1,1438.579,3.0,24.97419,121.5175,27.0,7350000,6000,4,2,4,yes,yes,no,no,yes,1,no,furnished
54.0,2013.083,13.3,492.2313,5.0,24.96515,121.53737,38.9,7350000,5150,3,2,4,yes,no,no,no,yes,2,no,semi-furnished
55.0,2013.083,16.1,289.3248,5.0,24.98203,121.54348,51.7,7350000,6000,3,2,2,yes,yes,no,no,yes,1,no,semi-furnished
56.0,2012.833,31.7,1160.632,0.0,24.94968,121.53009,13.7,7350000,6000,3,1,2,yes,no,no,no,yes,1,no,unfurnished
57.0,2013.417,33.6,371.2495,8.0,24.97254,121.54059,41.9,7343000,11440,4,1,2,yes,no,yes,no,no,1,yes,semi-furnished
58.0,2012.917,3.5,56.47425,7.0,24.95744,121.53711,53.5,7245000,9000,4,2,4,yes,yes,no,no,yes,1,yes,furnished
59.0,2013.5,30.3,4510.359,1.0,24.94925,121.49542,22.6,7210000,7680,4,2,4,yes,yes,no,no,yes,1,no,semi-furnished
60.0,2013.083,13.3,336.0532,5.0,24.95776,121.53438,42.4,7210000,6000,3,2,4,yes,yes,no,no,yes,1,no,furnished
61.0,2013.417,11.0,1931.207,2.0,24.96365,121.51471,21.3,7140000,6000,3,2,2,yes,yes,no,no,no,1,no,semi-furnished
62.0,2013.5,5.3,259.6607,6.0,24.97585,121.54516,63.2,7070000,8880,2,1,1,yes,no,no,no,yes,1,no,semi-furnished
63.0,2012.917,17.2,2175.877,3.0,24.96303,121.51254,27.7,7070000,6240,4,2,2,yes,no,no,no,yes,1,no,furnished
64.0,2013.583,2.6,533.4762,4.0,24.97445,121.54765,55.0,7035000,6360,4,2,3,yes,no,no,no,yes,2,yes,furnished
65.0,2013.333,17.5,995.7554,0.0,24.96305,121.54915,25.3,7000000,11175,3,1,1,yes,no,yes,no,yes,1,yes,furnished
66.0,2013.417,40.1,123.7429,8.0,24.97635,121.54329,44.3,6930000,8880,3,2,2,yes,no,yes,no,yes,1,no,furnished
67.0,2013.0,1.0,193.5845,6.0,24.96571,121.54089,50.7,6930000,13200,2,1,1,yes,no,yes,yes,no,1,no,furnished
68.0,2013.5,8.5,104.8101,5.0,24.96674,121.54067,56.8,6895000,7700,3,2,1,yes,no,no,no,no,2,no,unfurnished
69.0,2013.417,30.4,464.223,6.0,24.97964,121.53805,36.2,6860000,6000,3,1,1,yes,no,no,no,yes,1,no,furnished
70.0,2012.833,12.5,561.9845,5.0,24.98746,121.54391,42.0,6790000,12090,4,2,2,yes,no,no,no,no,2,yes,furnished
71.0,2013.583,6.6,90.45606,9.0,24.97433,121.5431,59.0,6790000,4000,3,2,2,yes,no,yes,no,yes,0,yes,semi-furnished
72.0,2013.083,35.5,640.7391,3.0,24.97563,121.53715,40.8,6755000,6000,4,2,4,yes,no,no,no,yes,0,no,unfurnished
73.0,2013.583,32.5,424.5442,8.0,24.97587,121.53913,36.3,6720000,5020,3,1,4,yes,no,no,no,yes,0,yes,unfurnished
74.0,2013.167,13.8,4082.015,0.0,24.94155,121.50381,20.0,6685000,6600,2,2,4,yes,no,yes,no,no,0,yes,furnished
75.0,2012.917,6.8,379.5575,10.0,24.98343,121.53762,54.4,6650000,4040,3,1,2,yes,no,yes,yes,no,1,no,furnished
76.0,2013.5,12.3,1360.139,1.0,24.95204,121.54842,29.5,6650000,4260,4,2,2,yes,no,no,yes,no,0,no,semi-furnished
77.0,2013.583,35.9,616.4004,3.0,24.97723,121.53767,36.8,6650000,6420,3,2,3,yes,no,no,no,yes,0,yes,furnished
78.0,2012.833,20.5,2185.128,3.0,24.96322,121.51237,25.6,6650000,6500,3,2,3,yes,no,no,no,yes,0,yes,furnished
79.0,2012.917,38.2,552.4371,2.0,24.97598,121.53381,29.8,6650000,5700,3,1,1,yes,yes,yes,no,yes,2,yes,furnished
80.0,2013.0,18.0,1414.837,1.0,24.95182,121.54887,26.5,6650000,6000,3,2,3,yes,yes,no,no,yes,0,no,furnished
81.0,2013.5,11.8,533.4762,4.0,24.97445,121.54765,40.3,6629000,6000,3,1,2,yes,no,no,yes,no,1,yes,semi-furnished
82.0,2013.0,30.8,377.7956,6.0,24.96427,121.53964,36.8,6615000,4000,3,2,2,yes,no,yes,no,yes,1,no,semi-furnished
83.0,2013.083,13.2,150.9347,7.0,24.96725,121.54252,48.1,6615000,10500,3,2,1,yes,no,yes,no,yes,1,yes,furnished
84.0,2012.917,25.3,2707.392,3.0,24.96056,121.50831,17.7,6580000,6000,3,2,4,yes,no,no,no,yes,0,no,semi-furnished
85.0,2013.083,15.1,383.2805,7.0,24.96735,121.54464,43.7,6510000,3760,3,1,2,yes,no,no,yes,no,2,no,semi-furnished
86.0,2012.75,0.0,338.9679,9.0,24.96853,121.54413,50.8,6510000,8250,3,2,3,yes,no,no,no,yes,0,no,furnished
87.0,2012.833,1.8,1455.798,1.0,24.9512,121.549,27.0,6510000,6670,3,1,3,yes,no,yes,no,no,0,yes,unfurnished
88.0,2013.583,16.9,4066.587,0.0,24.94297,121.50342,18.3,6475000,3960,3,1,1,yes,no,yes,no,no,2,no,semi-furnished
89.0,2012.917,8.9,1406.43,0.0,24.98573,121.52758,48.0,6475000,7410,3,1,1,yes,yes,yes,no,yes,2,yes,unfurnished
90.0,2013.5,23.0,3947.945,0.0,24.94783,121.50243,25.3,6440000,8580,5,3,2,yes,no,no,no,no,2,no,furnished
91.0,2012.833,0.0,274.0144,1.0,24.9748,121.53059,45.4,6440000,5000,3,1,2,yes,no,no,no,yes,0,no,semi-furnished
92.0,2013.25,9.1,1402.016,0.0,24.98569,121.5276,43.2,6419000,6750,2,1,1,yes,yes,yes,no,no,2,yes,furnished
93.0,2012.917,20.6,2469.645,4.0,24.96108,121.51046,21.8,6405000,4800,3,2,4,yes,yes,no,no,yes,0,no,furnished
94.0,2012.917,31.9,1146.329,0.0,24.9492,121.53076,16.1,6300000,7200,3,2,1,yes,no,yes,no,yes,3,no,semi-furnished
95.0,2012.917,40.9,167.5989,5.0,24.9663,121.54026,41.0,6300000,6000,4,2,4,yes,no,no,no,no,1,no,semi-furnished
96.0,2012.917,8.0,104.8101,5.0,24.96674,121.54067,51.8,6300000,4100,3,2,3,yes,no,no,no,yes,2,no,semi-furnished
97.0,2013.417,6.4,90.45606,9.0,24.97433,121.5431,59.5,6300000,9000,3,1,1,yes,no,yes,no,no,1,yes,furnished
98.0,2013.083,28.4,617.4424,3.0,24.97746,121.53299,34.6,6300000,6400,3,1,1,yes,yes,yes,no,yes,1,yes,semi-furnished
99.0,2013.417,16.4,289.3248,5.0,24.98203,121.54348,51.0,6293000,6600,3,2,3,yes,no,no,no,yes,0,yes,unfurnished
100.0,2013.417,6.4,90.45606,9.0,24.97433,121.5431,62.2,6265000,6000,4,1,3,yes,yes,yes,no,no,0,yes,unfurnished
101.0,2013.5,17.5,964.7496,4.0,24.98872,121.53411,38.2,6230000,6600,3,2,1,yes,no,yes,no,yes,0,yes,unfurnished
102.0,2012.833,12.7,170.1289,1.0,24.97371,121.52984,32.9,6230000,5500,3,1,3,yes,no,no,no,no,1,yes,unfurnished
103.0,2013.083,1.1,193.5845,6.0,24.96571,121.54089,54.4,6195000,5500,3,2,4,yes,yes,no,no,yes,1,no,semi-furnished
104.0,2012.75,0.0,208.3905,6.0,24.95618,121.53844,45.7,6195000,6350,3,2,3,yes,yes,no,no,yes,0,no,furnished
105.0,2012.667,32.7,392.4459,6.0,24.96398,121.5425,30.5,6195000,5500,3,2,1,yes,yes,yes,no,no,2,yes,furnished
106.0,2012.833,0.0,292.9978,6.0,24.97744,121.54458,71.0,6160000,4500,3,1,4,yes,no,no,no,yes,0,no,unfurnished
107.0,2013.083,17.2,189.5181,8.0,24.97707,121.54308,47.1,6160000,5450,4,2,1,yes,no,yes,no,yes,0,yes,semi-furnished
108.0,2013.333,12.2,1360.139,1.0,24.95204,121.54842,26.6,6125000,6420,3,1,3,yes,no,yes,no,no,0,yes,unfurnished
109.0,2013.417,31.4,592.5006,2.0,24.9726,121.53561,34.1,6107500,3240,4,1,3,yes,no,no,no,no,1,no,semi-furnished
110.0,2013.583,4.0,2147.376,3.0,24.96299,121.51284,28.4,6090000,6615,4,2,2,yes,yes,no,yes,no,1,no,semi-furnished
111.0,2013.083,8.1,104.8101,5.0,24.96674,121.54067,51.6,6090000,6600,3,1,1,yes,yes,yes,no,no,2,yes,semi-furnished
112.0,2013.583,33.3,196.6172,7.0,24.97701,121.54224,39.4,6090000,8372,3,1,3,yes,no,no,no,yes,2,no,unfurnished
113.0,2013.417,9.9,2102.427,3.0,24.96044,121.51462,23.1,6083000,4300,6,2,2,yes,no,no,no,no,0,no,furnished
114.0,2013.333,14.8,393.2606,6.0,24.96172,121.53812,7.6,6083000,9620,3,1,1,yes,no,yes,no,no,2,yes,furnished
115.0,2012.667,30.6,143.8383,8.0,24.98155,121.54142,53.3,6020000,6800,2,1,1,yes,yes,yes,no,no,2,no,furnished
116.0,2013.083,20.6,737.9161,2.0,24.98092,121.54739,46.4,6020000,8000,3,1,1,yes,yes,yes,no,yes,2,yes,semi-furnished
117.0,2013.0,30.9,6396.283,1.0,24.94375,121.47883,12.2,6020000,6900,3,2,1,yes,yes,yes,no,no,0,yes,unfurnished
118.0,2013.0,13.6,4197.349,0.0,24.93885,121.50383,13.0,5950000,3700,4,1,2,yes,yes,no,no,yes,0,no,furnished
119.0,2013.5,25.3,1583.722,3.0,24.96622,121.51709,30.6,5950000,6420,3,1,1,yes,no,yes,no,yes,0,yes,furnished
120.0,2013.5,16.6,289.3248,5.0,24.98203,121.54348,59.6,5950000,7020,3,1,1,yes,no,yes,no,yes,2,yes,semi-furnished
121.0,2013.167,13.3,492.2313,5.0,24.96515,121.53737,31.3,5950000,6540,3,1,1,yes,yes,yes,no,no,2,yes,furnished
122.0,2013.5,13.6,492.2313,5.0,24.96515,121.53737,48.0,5950000,7231,3,1,2,yes,yes,yes,no,yes,0,yes,semi-furnished
123.0,2013.25,31.5,414.9476,4.0,24.98199,121.54464,32.5,5950000,6254,4,2,1,yes,no,yes,no,no,1,yes,semi-furnished
124.0,2013.417,0.0,185.4296,0.0,24.9711,121.5317,45.5,5950000,7320,4,2,2,yes,no,no,no,no,0,no,furnished
125.0,2012.917,9.9,279.1726,7.0,24.97528,121.54541,57.4,5950000,6525,3,2,4,yes,no,no,no,no,1,no,furnished
126.0,2013.167,1.1,193.5845,6.0,24.96571,121.54089,48.6,5943000,15600,3,1,1,yes,no,no,no,yes,2,no,semi-furnished
127.0,2013.083,38.6,804.6897,4.0,24.97838,121.53477,62.9,5880000,7160,3,1,1,yes,no,yes,no,no,2,yes,unfurnished
128.0,2013.25,3.8,383.8624,5.0,24.98085,121.54391,55.0,5880000,6500,3,2,3,yes,no,no,no,yes,0,no,unfurnished
129.0,2013.083,41.3,124.9912,6.0,24.96674,121.54039,60.7,5873000,5500,3,1,3,yes,yes,no,no,yes,1,no,furnished
130.0,2013.417,38.5,216.8329,7.0,24.98086,121.54162,41.0,5873000,11460,3,1,3,yes,no,no,no,no,2,yes,semi-furnished
131.0,2013.25,29.6,535.527,8.0,24.98092,121.53653,37.5,5866000,4800,3,1,1,yes,yes,yes,no,no,0,no,unfurnished
132.0,2013.5,4.0,2147.376,3.0,24.96299,121.51284,30.7,5810000,5828,4,1,4,yes,yes,no,no,no,0,no,semi-furnished
133.0,2013.167,26.6,482.7581,5.0,24.97433,121.53863,37.5,5810000,5200,3,1,3,yes,no,no,no,yes,0,no,semi-furnished
134.0,2012.833,18.0,373.3937,8.0,24.9866,121.54082,39.5,5810000,4800,3,1,3,yes,no,no,no,yes,0,no,unfurnished
135.0,2012.667,33.4,186.9686,6.0,24.96604,121.54211,42.2,5803000,7000,3,1,1,yes,no,yes,no,no,2,yes,semi-furnished
136.0,2012.917,18.9,1009.235,0.0,24.96357,121.54951,20.8,5775000,6000,3,2,4,yes,no,no,no,yes,0,no,unfurnished
137.0,2012.75,11.4,390.5684,5.0,24.97937,121.54245,46.8,5740000,5400,4,2,2,yes,no,no,no,yes,2,no,unfurnished
138.0,2013.5,13.6,319.0708,6.0,24.96495,121.54277,47.4,5740000,4640,4,1,2,yes,no,no,no,no,1,no,semi-furnished
139.0,2013.167,10.0,942.4664,0.0,24.97843,121.52406,43.5,5740000,5000,3,1,3,yes,no,no,no,yes,0,no,semi-furnished
140.0,2012.667,12.9,492.2313,5.0,24.96515,121.53737,42.5,5740000,6360,3,1,1,yes,yes,yes,no,yes,2,yes,furnished
141.0,2013.25,16.2,289.3248,5.0,24.98203,121.54348,51.4,5740000,5800,3,2,4,yes,no,no,no,yes,0,no,unfurnished
142.0,2013.333,5.1,1559.827,3.0,24.97213,121.51627,28.9,5652500,6660,4,2,2,yes,yes,yes,no,no,1,yes,semi-furnished
143.0,2013.417,19.8,640.6071,5.0,24.97017,121.54647,37.5,5600000,10500,4,2,2,yes,no,no,no,no,1,no,semi-furnished
144.0,2013.5,13.6,492.2313,5.0,24.96515,121.53737,40.1,5600000,4800,5,2,3,no,no,yes,yes,no,0,no,unfurnished
145.0,2013.083,11.9,1360.139,1.0,24.95204,121.54842,28.4,5600000,4700,4,1,2,yes,yes,yes,no,yes,1,no,furnished
146.0,2012.917,2.1,451.2438,5.0,24.97563,121.54694,45.5,5600000,5000,3,1,4,yes,no,no,no,no,0,no,furnished
147.0,2012.75,0.0,185.4296,0.0,24.9711,121.5317,52.2,5600000,10500,2,1,1,yes,no,no,no,no,1,no,semi-furnished
148.0,2012.75,3.2,489.8821,8.0,24.97017,121.54494,43.2,5600000,5500,3,2,2,yes,no,no,no,no,1,no,semi-furnished
149.0,2013.5,16.4,3780.59,0.0,24.93293,121.51203,45.1,5600000,6360,3,1,3,yes,no,no,no,no,0,yes,semi-furnished
150.0,2012.667,34.9,179.4538,8.0,24.97349,121.54245,39.7,5600000,6600,4,2,1,yes,no,yes,no,no,0,yes,semi-furnished
151.0,2013.25,35.8,170.7311,7.0,24.96719,121.54269,48.5,5600000,5136,3,1,2,yes,yes,yes,no,yes,0,yes,unfurnished
152.0,2013.5,4.9,387.7721,9.0,24.98118,121.53788,44.7,5565000,4400,4,1,2,yes,no,no,no,yes,2,yes,semi-furnished
153.0,2013.333,12.0,1360.139,1.0,24.95204,121.54842,28.9,5565000,5400,5,1,2,yes,yes,yes,no,yes,0,yes,furnished
154.0,2013.25,6.5,376.1709,6.0,24.95418,121.53713,40.9,5530000,3300,3,3,2,yes,no,yes,no,no,0,no,semi-furnished
155.0,2013.5,16.9,4066.587,0.0,24.94297,121.50342,20.7,5530000,3650,3,2,2,yes,no,no,no,no,2,no,semi-furnished
156.0,2013.167,13.8,4082.015,0.0,24.94155,121.50381,15.6,5530000,6100,3,2,1,yes,no,yes,no,no,2,yes,furnished
157.0,2013.583,30.7,1264.73,0.0,24.94883,121.52954,18.3,5523000,6900,3,1,1,yes,yes,yes,no,no,0,yes,semi-furnished
158.0,2013.25,16.1,815.9314,4.0,24.97886,121.53464,35.6,5495000,2817,4,2,2,no,yes,yes,no,no,1,no,furnished
159.0,2013.0,11.6,390.5684,5.0,24.97937,121.54245,39.4,5495000,7980,3,1,1,yes,no,no,no,no,2,no,semi-furnished
160.0,2012.667,15.5,815.9314,4.0,24.97886,121.53464,37.4,5460000,3150,3,2,1,yes,yes,yes,no,yes,0,no,furnished
161.0,2012.917,3.5,49.66105,8.0,24.95836,121.53756,57.8,5460000,6210,4,1,4,yes,yes,no,no,yes,0,no,furnished
162.0,2013.417,19.2,616.4004,3.0,24.97723,121.53767,39.6,5460000,6100,3,1,3,yes,yes,no,no,yes,0,yes,semi-furnished
163.0,2012.75,16.0,4066.587,0.0,24.94297,121.50342,11.6,5460000,6600,4,2,2,yes,yes,yes,no,no,0,yes,semi-furnished
164.0,2013.5,8.5,104.8101,5.0,24.96674,121.54067,55.5,5425000,6825,3,1,1,yes,yes,yes,no,yes,0,yes,semi-furnished
165.0,2012.833,0.0,185.4296,0.0,24.9711,121.5317,55.2,5390000,6710,3,2,2,yes,yes,yes,no,no,1,yes,furnished
166.0,2012.917,13.7,1236.564,1.0,24.97694,121.55391,30.6,5383000,6450,3,2,1,yes,yes,yes,yes,no,0,no,unfurnished
167.0,2013.417,0.0,292.9978,6.0,24.97744,121.54458,73.6,5320000,7800,3,1,1,yes,no,yes,no,yes,2,yes,unfurnished
168.0,2013.417,28.2,330.0854,8.0,24.97408,121.54011,43.4,5285000,4600,2,2,1,yes,no,no,no,yes,2,no,semi-furnished
169.0,2013.083,27.6,515.1122,5.0,24.96299,121.5432,37.4,5250000,4260,4,1,2,yes,no,yes,no,yes,0,no,furnished
170.0,2013.417,8.4,1962.628,1.0,24.95468,121.55481,23.5,5250000,6540,4,2,2,no,no,no,no,yes,0,no,semi-furnished
171.0,2013.333,24.0,4527.687,0.0,24.94741,121.49628,14.4,5250000,5500,3,2,1,yes,no,yes,no,no,0,no,semi-furnished
172.0,2013.083,3.6,383.8624,5.0,24.98085,121.54391,58.8,5250000,10269,3,1,1,yes,no,no,no,no,1,yes,semi-furnished
173.0,2013.583,6.6,90.45606,9.0,24.97433,121.5431,58.1,5250000,8400,3,1,2,yes,yes,yes,no,yes,2,yes,unfurnished
174.0,2013.083,41.3,401.8807,4.0,24.98326,121.5446,35.1,5250000,5300,4,2,1,yes,no,no,no,yes,0,yes,unfurnished
175.0,2013.417,4.3,432.0385,7.0,24.9805,121.53778,45.2,5250000,3800,3,1,2,yes,yes,yes,no,no,1,yes,unfurnished
176.0,2013.083,30.2,472.1745,3.0,24.97005,121.53758,36.5,5250000,9800,4,2,2,yes,yes,no,no,no,2,no,semi-furnished
177.0,2012.833,13.9,4573.779,0.0,24.94867,121.49507,19.2,5250000,8520,3,1,1,yes,no,no,no,yes,2,no,furnished
178.0,2013.083,33.0,181.0766,9.0,24.97697,121.54262,42.0,5243000,6050,3,1,1,yes,no,yes,no,no,0,yes,semi-furnished
179.0,2013.5,13.1,1144.436,4.0,24.99176,121.53456,36.7,5229000,7085,3,1,1,yes,yes,yes,no,no,2,yes,semi-furnished
180.0,2013.083,14.0,438.8513,1.0,24.97493,121.5273,42.6,5215000,3180,3,2,2,yes,no,no,no,no,2,no,semi-furnished
181.0,2012.667,26.9,4449.27,0.0,24.94898,121.49621,15.5,5215000,4500,4,2,1,no,no,yes,no,yes,2,no,semi-furnished
182.0,2013.167,11.6,201.8939,8.0,24.98489,121.54121,55.9,5215000,7200,3,1,2,yes,yes,yes,no,no,1,yes,furnished
183.0,2013.5,13.5,2147.376,3.0,24.96299,121.51284,23.6,5145000,3410,3,1,2,no,no,no,no,yes,0,no,semi-furnished
184.0,2013.5,17.0,4082.015,0.0,24.94155,121.50381,18.8,5145000,7980,3,1,1,yes,no,no,no,no,1,yes,semi-furnished
185.0,2012.75,14.1,2615.465,0.0,24.95495,121.56174,21.8,5110000,3000,3,2,2,yes,yes,yes,no,no,0,no,furnished
186.0,2012.75,31.4,1447.286,3.0,24.97285,121.5173,21.5,5110000,3000,3,1,2,yes,no,yes,no,no,0,no,unfurnished
187.0,2013.167,20.9,2185.128,3.0,24.96322,121.51237,25.7,5110000,11410,2,1,2,yes,no,no,no,no,0,yes,furnished
188.0,2013.0,8.9,3078.176,0.0,24.95464,121.56627,22.0,5110000,6100,3,1,1,yes,no,yes,no,yes,0,yes,semi-furnished
189.0,2012.917,34.8,190.0392,8.0,24.97707,121.54312,44.3,5075000,5720,2,1,2,yes,no,no,no,yes,0,yes,unfurnished
190.0,2012.917,16.3,4066.587,0.0,24.94297,121.50342,20.5,5040000,3540,2,1,1,no,yes,yes,no,no,0,no,semi-furnished
191.0,2013.5,35.3,616.5735,8.0,24.97945,121.53642,42.3,5040000,7600,4,1,2,yes,no,no,no,yes,2,no,furnished
192.0,2013.167,13.2,750.0704,2.0,24.97371,121.54951,37.8,5040000,10700,3,1,2,yes,yes,yes,no,no,0,no,semi-furnished
193.0,2013.167,43.8,57.58945,7.0,24.9675,121.54069,42.7,5040000,6600,3,1,1,yes,yes,yes,no,no,0,yes,furnished
194.0,2013.417,9.7,421.479,5.0,24.98246,121.54477,49.3,5033000,4800,2,1,1,yes,yes,yes,no,no,0,no,semi-furnished
195.0,2013.5,15.2,3771.895,0.0,24.93363,121.51158,29.3,5005000,8150,3,2,1,yes,yes,yes,no,no,0,no,semi-furnished
196.0,2013.333,15.2,461.1016,5.0,24.95425,121.5399,34.6,4970000,4410,4,3,2,yes,no,yes,no,no,2,no,semi-furnished
197.0,2013.0,22.8,707.9067,2.0,24.981,121.54713,36.6,4970000,7686,3,1,1,yes,yes,yes,yes,no,0,no,semi-furnished
198.0,2013.25,34.4,126.7286,8.0,24.96881,121.54089,48.2,4956000,2800,3,2,2,no,no,yes,no,yes,1,no,semi-furnished
199.0,2013.083,34.0,157.6052,7.0,24.96628,121.54196,39.1,4935000,5948,3,1,2,yes,no,no,no,yes,0,no,semi-furnished
200.0,2013.417,18.2,451.6419,8.0,24.96945,121.5449,31.6,4907000,4200,3,1,2,yes,no,no,no,no,1,no,furnished
201.0,2013.417,17.4,995.7554,0.0,24.96305,121.54915,25.5,4900000,4520,3,1,2,yes,no,yes,no,yes,0,no,semi-furnished
202.0,2013.417,13.1,561.9845,5.0,24.98746,121.54391,45.9,4900000,4095,3,1,2,no,yes,yes,no,yes,0,no,semi-furnished
203.0,2012.917,38.3,642.6985,3.0,24.97559,121.53713,31.5,4900000,4120,2,1,1,yes,no,yes,no,no,1,no,semi-furnished
204.0,2012.667,15.6,289.3248,5.0,24.98203,121.54348,46.1,4900000,5400,4,1,2,yes,no,no,no,no,0,no,semi-furnished
205.0,2013.0,18.0,1414.837,1.0,24.95182,121.54887,26.6,4900000,4770,3,1,1,yes,yes,yes,no,no,0,no,semi-furnished
206.0,2013.083,12.8,1449.722,3.0,24.97289,121.51728,21.4,4900000,6300,3,1,1,yes,no,no,no,yes,2,no,semi-furnished
207.0,2013.25,22.2,379.5575,10.0,24.98343,121.53762,44.0,4900000,5800,2,1,1,yes,yes,yes,no,yes,0,no,semi-furnished
208.0,2013.083,38.5,665.0636,3.0,24.97503,121.53692,34.2,4900000,3000,3,1,2,yes,no,yes,no,yes,0,no,semi-furnished
209.0,2012.75,11.5,1360.139,1.0,24.95204,121.54842,26.2,4900000,2970,3,1,3,yes,no,no,no,no,0,no,semi-furnished
210.0,2012.833,34.8,175.6294,8.0,24.97347,121.54271,40.9,4900000,6720,3,1,1,yes,no,no,no,no,0,no,unfurnished
211.0,2013.5,5.2,390.5684,5.0,24.97937,121.54245,52.2,4900000,4646,3,1,2,yes,yes,yes,no,no,2,no,semi-furnished
212.0,2013.083,0.0,274.0144,1.0,24.9748,121.53059,43.5,4900000,12900,3,1,1,yes,no,no,no,no,2,no,furnished
213.0,2013.333,17.6,1805.665,2.0,24.98672,121.52091,31.1,4893000,3420,4,2,2,yes,no,yes,no,yes,2,no,semi-furnished
214.0,2013.083,6.2,90.45606,9.0,24.97433,121.5431,58.0,4893000,4995,4,2,1,yes,no,yes,no,no,0,no,semi-furnished
215.0,2013.583,18.1,1783.18,3.0,24.96731,121.51486,20.9,4865000,4350,2,1,1,yes,no,yes,no,no,0,no,unfurnished
216.0,2013.333,19.2,383.7129,8.0,24.972,121.54477,48.1,4830000,4160,3,1,3,yes,no,no,no,no,0,no,unfurnished
217.0,2013.25,37.8,590.9292,1.0,24.97153,121.53559,39.7,4830000,6040,3,1,1,yes,no,no,no,no,2,yes,semi-furnished
218.0,2012.917,28.0,372.6242,6.0,24.97838,121.54119,40.8,4830000,6862,3,1,2,yes,no,no,no,yes,2,yes,furnished
219.0,2013.417,13.6,492.2313,5.0,24.96515,121.53737,43.8,4830000,4815,2,1,1,yes,no,no,no,yes,0,yes,semi-furnished
220.0,2012.75,29.3,529.7771,8.0,24.98102,121.53655,40.2,4795000,7000,3,1,2,yes,no,yes,no,no,0,no,unfurnished
221.0,2013.333,37.2,186.5101,9.0,24.97703,121.54265,78.3,4795000,8100,4,1,4,yes,no,yes,no,yes,2,no,semi-furnished
222.0,2013.333,9.0,1402.016,0.0,24.98569,121.5276,38.5,4767000,3420,4,2,2,yes,no,no,no,no,0,no,semi-furnished
223.0,2013.583,30.6,431.1114,10.0,24.98123,121.53743,48.5,4760000,9166,2,1,1,yes,no,yes,no,yes,2,no,semi-furnished
224.0,2013.25,9.1,1402.016,0.0,24.98569,121.5276,42.3,4760000,6321,3,1,2,yes,no,yes,no,yes,1,no,furnished
225.0,2013.333,34.5,324.9419,6.0,24.97814,121.5417,46.0,4760000,10240,2,1,1,yes,no,no,no,yes,2,yes,unfurnished
226.0,2013.25,1.1,193.5845,6.0,24.96571,121.54089,49.0,4753000,6440,2,1,1,yes,no,no,no,yes,3,no,semi-furnished
227.0,2013.0,16.5,4082.015,0.0,24.94155,121.50381,12.8,4690000,5170,3,1,4,yes,no,no,no,yes,0,no,semi-furnished
228.0,2012.917,32.4,265.0609,8.0,24.98059,121.53986,40.2,4690000,6000,2,1,1,yes,no,yes,no,yes,1,no,furnished
229.0,2013.417,11.9,3171.329,0.0,25.00115,121.51776,46.6,4690000,3630,3,1,2,yes,no,no,no,no,2,no,semi-furnished
230.0,2013.583,31.0,1156.412,0.0,24.9489,121.53095,19.0,4690000,9667,4,2,2,yes,yes,yes,no,no,1,no,semi-furnished
231.0,2013.5,4.0,2147.376,3.0,24.96299,121.51284,33.4,4690000,5400,2,1,2,yes,no,no,no,no,0,yes,semi-furnished
232.0,2012.833,16.2,4074.736,0.0,24.94235,121.50357,14.7,4690000,4320,3,1,1,yes,no,no,no,no,0,yes,semi-furnished
233.0,2012.917,27.1,4412.765,1.0,24.95032,121.49587,17.4,4655000,3745,3,1,2,yes,no,yes,no,no,0,no,furnished
234.0,2013.333,39.7,333.3679,9.0,24.98016,121.53932,32.4,4620000,4160,3,1,1,yes,yes,yes,no,yes,0,no,unfurnished
235.0,2013.25,8.0,2216.612,4.0,24.96007,121.51361,23.9,4620000,3880,3,2,2,yes,no,yes,no,no,2,no,semi-furnished
236.0,2012.75,12.9,250.631,7.0,24.96606,121.54297,39.3,4620000,5680,3,1,2,yes,yes,no,no,yes,1,no,semi-furnished
237.0,2013.167,3.6,373.8389,10.0,24.98322,121.53765,61.9,4620000,2870,2,1,2,yes,yes,yes,no,no,0,yes,semi-furnished
238.0,2013.167,13.0,732.8528,0.0,24.97668,121.52518,39.0,4620000,5010,3,1,2,yes,no,yes,no,no,0,no,semi-furnished
239.0,2013.083,12.8,732.8528,0.0,24.97668,121.52518,40.6,4613000,4510,4,2,2,yes,no,yes,no,no,0,no,semi-furnished
240.0,2013.5,18.1,837.7233,0.0,24.96334,121.54767,29.7,4585000,4000,3,1,2,yes,no,no,no,no,1,no,furnished
241.0,2013.083,11.0,1712.632,2.0,24.96412,121.5167,28.8,4585000,3840,3,1,2,yes,no,no,no,no,1,yes,semi-furnished
242.0,2013.5,13.7,250.631,7.0,24.96606,121.54297,41.4,4550000,3760,3,1,1,yes,no,no,no,no,2,no,semi-furnished
243.0,2012.833,2.0,2077.39,3.0,24.96357,121.51329,33.4,4550000,3640,3,1,2,yes,no,no,no,yes,0,no,furnished
244.0,2013.417,32.8,204.1705,8.0,24.98236,121.53923,48.2,4550000,2550,3,1,2,yes,no,yes,no,no,0,no,furnished
245.0,2013.083,4.8,1559.827,3.0,24.97213,121.51627,21.7,4550000,5320,3,1,2,yes,yes,yes,no,no,0,yes,semi-furnished
246.0,2013.417,7.5,639.6198,5.0,24.97258,121.54814,40.8,4550000,5360,3,1,2,yes,no,no,no,no,2,yes,unfurnished
247.0,2013.417,16.4,389.8219,6.0,24.96412,121.54273,40.6,4550000,3520,3,1,1,yes,no,no,no,no,0,yes,semi-furnished
248.0,2013.333,21.7,1055.067,0.0,24.96211,121.54928,23.1,4550000,8400,4,1,4,yes,no,no,no,no,3,no,unfurnished
249.0,2013.0,19.0,1009.235,0.0,24.96357,121.54951,22.3,4543000,4100,2,2,1,yes,yes,yes,no,no,0,no,semi-furnished
250.0,2012.833,18.0,6306.153,1.0,24.95743,121.47516,15.0,4543000,4990,4,2,2,yes,yes,yes,no,no,0,yes,furnished
251.0,2013.167,39.2,424.7132,7.0,24.97429,121.53917,30.0,4515000,3510,3,1,3,yes,no,no,no,no,0,no,semi-furnished
252.0,2012.917,31.7,1159.454,0.0,24.9496,121.53018,13.8,4515000,3450,3,1,2,yes,no,yes,no,no,1,no,semi-furnished
253.0,2012.833,5.9,90.45606,9.0,24.97433,121.5431,52.7,4515000,9860,3,1,1,yes,no,no,no,no,0,no,semi-furnished
254.0,2012.667,30.4,1735.595,2.0,24.96464,121.51623,25.9,4515000,3520,2,1,2,yes,no,no,no,no,0,yes,furnished
255.0,2012.667,1.1,329.9747,5.0,24.98254,121.54395,51.8,4480000,4510,4,1,2,yes,no,no,no,yes,2,no,semi-furnished
256.0,2013.417,31.5,5512.038,1.0,24.95095,121.48458,17.4,4480000,5885,2,1,1,yes,no,no,no,yes,1,no,unfurnished
257.0,2012.667,14.6,339.2289,1.0,24.97519,121.53151,26.5,4480000,4000,3,1,2,yes,no,no,no,no,2,no,furnished
258.0,2013.25,17.3,444.1334,1.0,24.97501,121.5273,43.9,4480000,8250,3,1,1,yes,no,no,no,no,0,no,furnished
259.0,2013.417,0.0,292.9978,6.0,24.97744,121.54458,63.3,4480000,4040,3,1,2,yes,no,no,no,no,1,no,semi-furnished
260.0,2013.083,17.7,837.7233,0.0,24.96334,121.54767,28.8,4473000,6360,2,1,1,yes,no,yes,no,yes,1,no,furnished
261.0,2013.25,17.0,1485.097,4.0,24.97073,121.517,30.7,4473000,3162,3,1,2,yes,no,no,no,yes,1,no,furnished
262.0,2013.167,16.2,2288.011,3.0,24.95885,121.51359,24.4,4473000,3510,3,1,2,yes,no,no,no,no,0,no,semi-furnished
263.0,2012.917,15.9,289.3248,5.0,24.98203,121.54348,53.0,4445000,3750,2,1,1,yes,yes,yes,no,no,0,no,semi-furnished
264.0,2013.417,3.9,2147.376,3.0,24.96299,121.51284,31.7,4410000,3968,3,1,2,no,no,no,no,no,0,no,semi-furnished
265.0,2013.167,32.6,493.657,7.0,24.96968,121.54522,40.6,4410000,4900,2,1,2,yes,no,yes,no,no,0,no,semi-furnished
266.0,2012.833,15.7,815.9314,4.0,24.97886,121.53464,38.1,4403000,2880,3,1,2,yes,no,no,no,no,0,yes,semi-furnished
267.0,2013.25,17.8,1783.18,3.0,24.96731,121.51486,23.7,4403000,4880,3,1,1,yes,no,no,no,no,2,yes,unfurnished
268.0,2012.833,34.7,482.7581,5.0,24.97433,121.53863,41.1,4403000,4920,3,1,2,yes,no,no,no,no,1,no,semi-furnished
269.0,2013.417,17.2,390.5684,5.0,24.97937,121.54245,40.1,4382000,4950,4,1,2,yes,no,no,no,yes,0,no,semi-furnished
270.0,2013.0,17.6,837.7233,0.0,24.96334,121.54767,23.0,4375000,3900,3,1,2,yes,no,no,no,no,0,no,unfurnished
271.0,2013.333,10.8,252.5822,1.0,24.9746,121.53046,117.5,4340000,4500,3,2,3,yes,no,no,yes,no,1,no,furnished
272.0,2012.917,17.7,451.6419,8.0,24.96945,121.5449,26.5,4340000,1905,5,1,2,no,no,yes,no,no,0,no,semi-furnished
273.0,2012.75,13.0,492.2313,5.0,24.96515,121.53737,40.5,4340000,4075,3,1,1,yes,yes,yes,no,no,2,no,semi-furnished
274.0,2013.417,13.2,170.1289,1.0,24.97371,121.52984,29.3,4340000,3500,4,1,2,yes,no,no,no,no,2,no,furnished
275.0,2013.167,27.5,394.0173,7.0,24.97305,121.53994,41.0,4340000,6450,4,1,2,yes,no,no,no,no,0,no,semi-furnished
276.0,2012.667,1.5,23.38284,7.0,24.96772,121.54102,49.7,4319000,4032,2,1,1,yes,no,yes,no,no,0,no,furnished
277.0,2013.0,19.1,461.1016,5.0,24.95425,121.5399,34.0,4305000,4400,2,1,1,yes,no,no,no,no,1,no,semi-furnished
278.0,2013.417,21.2,2185.128,3.0,24.96322,121.51237,27.7,4305000,10360,2,1,1,yes,no,no,no,no,1,yes,semi-furnished
279.0,2012.75,0.0,208.3905,6.0,24.95618,121.53844,44.0,4277000,3400,3,1,2,yes,no,yes,no,no,2,yes,semi-furnished
280.0,2013.417,2.6,1554.25,3.0,24.97026,121.51642,31.1,4270000,6360,2,1,1,yes,no,no,no,no,0,no,furnished
281.0,2013.25,2.3,184.3302,6.0,24.96581,121.54086,45.4,4270000,6360,2,1,2,yes,no,no,no,no,0,no,unfurnished
282.0,2013.333,4.7,387.7721,9.0,24.98118,121.53788,44.8,4270000,4500,2,1,1,yes,no,no,no,yes,2,no,furnished
283.0,2012.917,2.0,1455.798,1.0,24.9512,121.549,25.6,4270000,2175,3,1,2,no,yes,yes,no,yes,0,no,unfurnished
284.0,2013.417,33.5,1978.671,2.0,24.98674,121.51844,23.5,4270000,4360,4,1,2,yes,no,no,no,no,0,no,furnished
285.0,2012.917,15.0,383.2805,7.0,24.96735,121.54464,34.4,4270000,7770,2,1,1,yes,no,no,no,no,1,no,furnished
286.0,2013.167,30.1,718.2937,3.0,24.97509,121.53644,55.3,4235000,6650,3,1,2,yes,yes,no,no,no,0,no,semi-furnished
287.0,2012.917,5.9,90.45606,9.0,24.97433,121.5431,56.3,4235000,2787,3,1,1,yes,no,yes,no,no,0,yes,furnished
288.0,2013.0,19.2,461.1016,5.0,24.95425,121.5399,32.9,4200000,5500,3,1,2,yes,no,no,no,yes,0,no,unfurnished
289.0,2013.583,16.6,323.6912,6.0,24.97841,121.5428,51.0,4200000,5040,3,1,2,yes,no,yes,no,yes,0,no,unfurnished
290.0,2013.333,13.9,289.3248,5.0,24.98203,121.54348,44.5,4200000,5850,2,1,1,yes,yes,yes,no,no,2,no,semi-furnished
291.0,2013.083,37.7,490.3446,0.0,24.97217,121.53471,37.0,4200000,2610,4,3,2,no,no,no,no,no,0,no,semi-furnished
292.0,2012.833,3.4,56.47425,7.0,24.95744,121.53711,54.4,4200000,2953,3,1,2,yes,no,yes,no,yes,0,no,unfurnished
293.0,2013.083,17.5,395.6747,5.0,24.95674,121.534,24.5,4200000,2747,4,2,2,no,no,no,no,no,0,no,semi-furnished
294.0,2012.667,12.6,383.2805,7.0,24.96735,121.54464,42.5,4200000,4410,2,1,1,no,no,no,no,no,1,no,unfurnished
295.0,2013.5,26.4,335.5273,6.0,24.9796,121.5414,38.1,4200000,4000,4,2,2,no,no,no,no,no,0,no,semi-furnished
296.0,2013.167,18.2,2179.59,3.0,24.96299,121.51252,21.8,4200000,2325,3,1,2,no,no,no,no,no,0,no,semi-furnished
297.0,2012.75,12.5,1144.436,4.0,24.99176,121.53456,34.1,4200000,4600,3,2,2,yes,no,no,no,yes,1,no,semi-furnished
298.0,2012.833,34.9,567.0349,4.0,24.97003,121.5458,28.5,4200000,3640,3,2,2,yes,no,yes,no,no,0,no,unfurnished
299.0,2013.333,16.7,4082.015,0.0,24.94155,121.50381,16.7,4200000,5800,3,1,1,yes,no,no,yes,no,2,no,semi-furnished
300.0,2013.167,33.2,121.7262,10.0,24.98178,121.54059,46.1,4200000,7000,3,1,1,yes,no,no,no,no,3,no,furnished
301.0,2013.083,2.5,156.2442,4.0,24.96696,121.53992,36.9,4200000,4079,3,1,3,yes,no,no,no,no,0,no,semi-furnished
302.0,2012.75,38.0,461.7848,0.0,24.97229,121.53445,35.7,4200000,3520,3,1,2,yes,no,no,no,no,0,yes,semi-furnished
303.0,2013.5,16.5,2288.011,3.0,24.95885,121.51359,23.2,4200000,2145,3,1,3,yes,no,no,no,no,1,yes,unfurnished
304.0,2013.5,38.3,439.7105,0.0,24.97161,121.53423,38.4,4200000,4500,3,1,1,yes,no,yes,no,no,0,no,furnished
305.0,2013.417,20.0,1626.083,3.0,24.96622,121.51668,29.4,4193000,8250,3,1,1,yes,no,yes,no,no,3,no,semi-furnished
306.0,2013.083,16.2,289.3248,5.0,24.98203,121.54348,55.0,4193000,3450,3,1,2,yes,no,no,no,no,1,no,semi-furnished
307.0,2013.5,14.4,169.9803,1.0,24.97369,121.52979,50.2,4165000,4840,3,1,2,yes,no,no,no,no,1,no,semi-furnished
308.0,2012.833,10.3,3079.89,0.0,24.9546,121.56627,24.7,4165000,4080,3,1,2,yes,no,no,no,no,2,no,semi-furnished
309.0,2013.417,16.4,289.3248,5.0,24.98203,121.54348,53.0,4165000,4046,3,1,2,yes,no,yes,no,no,1,no,semi-furnished
310.0,2013.25,30.3,1264.73,0.0,24.94883,121.52954,19.1,4130000,4632,4,1,2,yes,no,no,no,yes,0,no,semi-furnished
311.0,2013.583,16.4,1643.499,2.0,24.95394,121.55174,24.7,4130000,5985,3,1,1,yes,no,yes,no,no,0,no,semi-furnished
312.0,2013.167,21.3,537.7971,4.0,24.97425,121.53814,42.2,4123000,6060,2,1,1,yes,no,yes,no,no,1,no,semi-furnished
313.0,2013.583,35.4,318.5292,9.0,24.97071,121.54069,78.0,4098500,3600,3,1,1,yes,no,yes,no,yes,0,yes,furnished
314.0,2013.333,8.3,104.8101,5.0,24.96674,121.54067,42.8,4095000,3680,3,2,2,yes,no,no,no,no,0,no,semi-furnished
315.0,2013.25,3.7,577.9615,6.0,24.97201,121.54722,41.6,4095000,4040,2,1,2,yes,no,no,no,no,1,no,semi-furnished
316.0,2013.083,15.6,1756.411,2.0,24.9832,121.51812,27.3,4095000,5600,2,1,1,yes,no,no,no,yes,0,no,semi-furnished
317.0,2013.25,13.3,250.631,7.0,24.96606,121.54297,42.0,4060000,5900,4,2,2,no,no,yes,no,no,1,no,unfurnished
318.0,2012.75,15.6,752.7669,2.0,24.97795,121.53451,37.5,4060000,4992,3,2,2,yes,no,no,no,no,2,no,unfurnished
319.0,2013.333,7.1,379.5575,10.0,24.98343,121.53762,49.8,4060000,4340,3,1,1,yes,no,no,no,no,0,no,semi-furnished
320.0,2013.25,34.6,272.6783,5.0,24.95562,121.53872,26.9,4060000,3000,4,1,3,yes,no,yes,no,yes,2,no,semi-furnished
321.0,2012.75,13.5,4197.349,0.0,24.93885,121.50383,18.6,4060000,4320,3,1,2,yes,no,no,no,no,2,yes,furnished
322.0,2012.917,16.9,964.7496,4.0,24.98872,121.53411,37.7,4025000,3630,3,2,2,yes,no,no,yes,no,2,no,semi-furnished
323.0,2013.0,12.9,187.4823,1.0,24.97388,121.52981,33.1,4025000,3460,3,2,1,yes,no,yes,no,yes,1,no,furnished
324.0,2013.417,28.6,197.1338,6.0,24.97631,121.54436,42.5,4025000,5400,3,1,1,yes,no,no,no,no,3,no,semi-furnished
325.0,2012.667,12.4,1712.632,2.0,24.96412,121.5167,31.3,4007500,4500,3,1,2,no,no,yes,no,yes,0,no,semi-furnished
326.0,2013.083,36.6,488.8193,8.0,24.97015,121.54494,38.1,4007500,3460,4,1,2,yes,no,no,no,yes,0,no,semi-furnished
327.0,2013.5,4.1,56.47425,7.0,24.95744,121.53711,62.1,3990000,4100,4,1,1,no,no,yes,no,no,0,no,unfurnished
328.0,2013.417,3.5,757.3377,3.0,24.97538,121.54971,36.7,3990000,6480,3,1,2,no,no,no,no,yes,1,no,semi-furnished
329.0,2012.833,15.9,1497.713,3.0,24.97003,121.51696,23.6,3990000,4500,3,2,2,no,no,yes,no,yes,0,no,semi-furnished
330.0,2013.0,13.6,4197.349,0.0,24.93885,121.50383,19.2,3990000,3960,3,1,2,yes,no,no,no,no,0,no,furnished
331.0,2013.083,32.0,1156.777,0.0,24.94935,121.53046,12.8,3990000,4050,2,1,2,yes,yes,yes,no,no,0,yes,unfurnished
332.0,2013.333,25.6,4519.69,0.0,24.94826,121.49587,15.6,3920000,7260,3,2,1,yes,yes,yes,no,no,3,no,furnished
333.0,2013.167,39.8,617.7134,2.0,24.97577,121.53475,39.6,3920000,5500,4,1,2,yes,yes,yes,no,no,0,no,semi-furnished
334.0,2012.75,7.8,104.8101,5.0,24.96674,121.54067,38.4,3920000,3000,3,1,2,yes,no,no,no,no,0,no,semi-furnished
335.0,2012.917,30.0,1013.341,5.0,24.99006,121.5346,22.8,3920000,3290,2,1,1,yes,no,no,yes,no,1,no,furnished
336.0,2013.583,27.3,337.6016,6.0,24.96431,121.54063,36.5,3920000,3816,2,1,1,yes,no,yes,no,yes,2,no,furnished
337.0,2012.833,5.1,1867.233,2.0,24.98407,121.51748,35.6,3920000,8080,3,1,1,yes,no,no,no,yes,2,no,semi-furnished
338.0,2012.833,31.3,600.8604,5.0,24.96871,121.54651,30.9,3920000,2145,4,2,1,yes,no,yes,no,no,0,yes,unfurnished
339.0,2012.917,31.5,258.186,9.0,24.96867,121.54331,36.3,3885000,3780,2,1,2,yes,yes,yes,no,no,0,no,semi-furnished
340.0,2013.333,1.7,329.9747,5.0,24.98254,121.54395,50.4,3885000,3180,4,2,2,yes,no,no,no,no,0,no,furnished
341.0,2013.333,33.6,270.8895,0.0,24.97281,121.53265,42.9,3850000,5300,5,2,2,yes,no,no,no,no,0,no,semi-furnished
342.0,2013.0,13.0,750.0704,2.0,24.97371,121.54951,37.0,3850000,3180,2,2,1,yes,no,yes,no,no,2,no,semi-furnished
343.0,2012.667,5.7,90.45606,9.0,24.97433,121.5431,53.5,3850000,7152,3,1,2,yes,no,no,no,yes,0,no,furnished
344.0,2013.0,33.5,563.2854,8.0,24.98223,121.53597,46.6,3850000,4080,2,1,1,yes,no,no,no,no,0,no,semi-furnished
345.0,2013.5,34.6,3085.17,0.0,24.998,121.5155,41.2,3850000,3850,2,1,1,yes,no,no,no,no,0,no,semi-furnished
346.0,2012.667,0.0,185.4296,0.0,24.9711,121.5317,37.9,3850000,2015,3,1,2,yes,no,yes,no,no,0,yes,semi-furnished
347.0,2013.417,13.2,1712.632,2.0,24.96412,121.5167,30.8,3850000,2176,2,1,2,yes,yes,no,no,no,0,yes,semi-furnished
348.0,2013.583,17.4,6488.021,1.0,24.95719,121.47353,11.2,3836000,3350,3,1,2,yes,no,no,no,no,0,no,unfurnished
349.0,2012.833,4.6,259.6607,6.0,24.97585,121.54516,53.7,3815000,3150,2,2,1,no,no,yes,no,no,0,no,semi-furnished
350.0,2012.75,7.8,104.8101,5.0,24.96674,121.54067,47.0,3780000,4820,3,1,2,yes,no,no,no,no,0,no,semi-furnished
351.0,2013.0,13.2,492.2313,5.0,24.96515,121.53737,42.3,3780000,3420,2,1,2,yes,no,no,yes,no,1,no,semi-furnished
352.0,2012.833,4.0,2180.245,3.0,24.96324,121.51241,28.6,3780000,3600,2,1,1,yes,no,no,no,no,0,no,semi-furnished
353.0,2012.833,18.4,2674.961,3.0,24.96143,121.50827,25.7,3780000,5830,2,1,1,yes,no,no,no,no,2,no,unfurnished
354.0,2013.5,4.1,2147.376,3.0,24.96299,121.51284,31.3,3780000,2856,3,1,3,yes,no,no,no,no,0,yes,furnished
355.0,2013.417,12.2,1360.139,1.0,24.95204,121.54842,30.1,3780000,8400,2,1,1,yes,no,no,no,no,1,no,furnished
356.0,2013.25,3.8,383.8624,5.0,24.98085,121.54391,60.7,3773000,8250,3,1,1,yes,no,no,no,no,2,no,furnished
357.0,2012.833,10.3,211.4473,1.0,24.97417,121.52999,45.3,3773000,2520,5,2,1,no,no,yes,no,yes,1,no,furnished
358.0,2013.417,0.0,338.9679,9.0,24.96853,121.54413,44.9,3773000,6930,4,1,2,no,no,no,no,no,1,no,furnished
359.0,2013.167,1.1,193.5845,6.0,24.96571,121.54089,45.1,3745000,3480,2,1,1,yes,no,no,no,no,0,yes,semi-furnished
360.0,2013.5,5.6,2408.993,0.0,24.95505,121.55964,24.7,3710000,3600,3,1,1,yes,no,no,no,no,1,no,unfurnished
361.0,2012.667,32.9,87.30222,10.0,24.983,121.54022,47.1,3710000,4040,2,1,1,yes,no,no,no,no,0,no,semi-furnished
362.0,2013.083,41.4,281.205,8.0,24.97345,121.54093,63.3,3710000,6020,3,1,1,yes,no,no,no,no,0,no,semi-furnished
363.0,2013.417,17.1,967.4,4.0,24.98872,121.53408,40.0,3710000,4050,2,1,1,yes,no,no,no,no,0,no,furnished
364.0,2013.5,32.3,109.9455,10.0,24.98182,121.54086,48.0,3710000,3584,2,1,1,yes,no,no,yes,no,0,no,semi-furnished
365.0,2013.417,35.3,614.1394,7.0,24.97913,121.53666,33.1,3703000,3120,3,1,2,no,no,yes,yes,no,0,no,semi-furnished
366.0,2012.917,17.3,2261.432,4.0,24.96182,121.51222,29.5,3703000,5450,2,1,1,yes,no,no,no,no,0,no,furnished
367.0,2012.75,14.2,1801.544,1.0,24.95153,121.55254,24.8,3675000,3630,2,1,1,yes,no,yes,no,no,0,no,furnished
368.0,2012.833,15.0,1828.319,2.0,24.96464,121.51531,20.9,3675000,3630,2,1,1,yes,no,no,no,yes,0,no,unfurnished
369.0,2013.417,18.2,350.8515,1.0,24.97544,121.53119,43.1,3675000,5640,2,1,1,no,no,no,no,no,0,no,semi-furnished
370.0,2012.667,20.2,2185.128,3.0,24.96322,121.51237,22.8,3675000,3600,2,1,1,yes,no,no,no,no,0,no,furnished
371.0,2012.75,15.9,289.3248,5.0,24.98203,121.54348,42.1,3640000,4280,2,1,1,yes,no,no,no,yes,2,no,semi-furnished
372.0,2013.5,4.1,312.8963,5.0,24.95591,121.53956,51.7,3640000,3570,3,1,2,yes,no,yes,no,no,0,no,semi-furnished
373.0,2013.0,33.9,157.6052,7.0,24.96628,121.54196,41.5,3640000,3180,3,1,2,no,no,yes,no,no,0,no,semi-furnished
374.0,2013.083,0.0,274.0144,1.0,24.9748,121.53059,52.2,3640000,3000,2,1,2,yes,no,no,no,yes,0,no,furnished
375.0,2013.25,5.4,390.5684,5.0,24.97937,121.54245,49.5,3640000,3520,2,2,1,yes,no,yes,no,no,0,no,semi-furnished
376.0,2013.25,21.7,1157.988,0.0,24.96165,121.55011,23.8,3640000,5960,3,1,2,yes,yes,yes,no,no,0,no,unfurnished
377.0,2013.417,14.7,1717.193,2.0,24.96447,121.51649,30.5,3640000,4130,3,2,2,yes,no,no,no,no,2,no,semi-furnished
378.0,2013.333,3.9,49.66105,8.0,24.95836,121.53756,56.8,3640000,2850,3,2,2,no,no,yes,no,no,0,yes,unfurnished
379.0,2013.333,37.3,587.8877,8.0,24.97077,121.54634,37.4,3640000,2275,3,1,3,yes,no,no,yes,yes,0,yes,semi-furnished
380.0,2013.333,0.0,292.9978,6.0,24.97744,121.54458,69.7,3633000,3520,3,1,1,yes,no,no,no,no,2,yes,unfurnished
381.0,2013.333,14.1,289.3248,5.0,24.98203,121.54348,53.3,3605000,4500,2,1,1,yes,no,no,no,no,0,no,semi-furnished
382.0,2013.417,8.0,132.5469,9.0,24.98298,121.53981,47.3,3605000,4000,2,1,1,yes,no,no,no,no,0,yes,semi-furnished
383.0,2013.0,16.3,3529.564,0.0,24.93207,121.51597,29.3,3570000,3150,3,1,2,yes,no,yes,no,no,0,no,furnished
384.0,2012.667,29.1,506.1144,4.0,24.97845,121.53889,40.3,3570000,4500,4,2,2,yes,no,yes,no,no,2,no,furnished
385.0,2012.75,16.1,4066.587,0.0,24.94297,121.50342,12.9,3570000,4500,2,1,1,no,no,no,no,no,0,no,furnished
386.0,2013.0,18.3,82.88643,10.0,24.983,121.54026,46.6,3570000,3640,2,1,1,yes,no,no,no,no,0,no,unfurnished
387.0,2012.833,0.0,185.4296,0.0,24.9711,121.5317,55.3,3535000,3850,3,1,1,yes,no,no,no,no,2,no,unfurnished
388.0,2013.25,16.2,2103.555,3.0,24.96042,121.51462,25.6,3500000,4240,3,1,2,yes,no,no,no,yes,0,no,semi-furnished
389.0,2013.5,10.4,2251.938,4.0,24.95957,121.51353,27.3,3500000,3650,3,1,2,yes,no,no,no,no,0,no,unfurnished
390.0,2013.25,40.9,122.3619,8.0,24.96756,121.5423,67.7,3500000,4600,4,1,2,yes,no,no,no,no,0,no,semi-furnished
391.0,2013.5,32.8,377.8302,9.0,24.97151,121.5435,38.6,3500000,2135,3,2,2,no,no,no,no,no,0,no,unfurnished
392.0,2013.583,6.2,1939.749,1.0,24.95155,121.55387,31.3,3500000,3036,3,1,2,yes,no,yes,no,no,0,no,semi-furnished
393.0,2013.083,42.7,443.802,6.0,24.97927,121.53874,35.3,3500000,3990,3,1,2,yes,no,no,no,no,0,no,semi-furnished
394.0,2013.0,16.9,967.4,4.0,24.98872,121.53408,40.3,3500000,7424,3,1,1,no,no,no,no,no,0,no,unfurnished
395.0,2013.5,32.6,4136.271,1.0,24.95544,121.4963,24.7,3500000,3480,3,1,1,no,no,no,no,yes,0,no,unfurnished
396.0,2012.917,21.2,512.5487,4.0,24.974,121.53842,42.5,3500000,3600,6,1,2,yes,no,no,no,no,1,no,unfurnished
397.0,2012.667,37.1,918.6357,1.0,24.97198,121.55063,31.9,3500000,3640,2,1,1,yes,no,no,no,no,1,no,semi-furnished
398.0,2013.417,13.1,1164.838,4.0,24.99156,121.53406,32.2,3500000,5900,2,1,1,yes,no,no,no,no,1,no,furnished
399.0,2013.417,14.7,1717.193,2.0,24.96447,121.51649,23.0,3500000,3120,3,1,2,yes,no,no,no,no,1,no,unfurnished
400.0,2012.917,12.7,170.1289,1.0,24.97371,121.52984,37.3,3500000,7350,2,1,1,yes,no,no,no,no,1,no,semi-furnished
401.0,2013.25,26.8,482.7581,5.0,24.97433,121.53863,35.5,3500000,3512,2,1,1,yes,no,no,no,no,1,yes,unfurnished
402.0,2013.083,7.6,2175.03,3.0,24.96305,121.51254,27.7,3500000,9500,3,1,2,yes,no,no,no,no,3,yes,unfurnished
403.0,2012.833,12.7,187.4823,1.0,24.97388,121.52981,28.5,3500000,5880,2,1,1,yes,no,no,no,no,0,no,unfurnished
404.0,2012.667,30.9,161.942,9.0,24.98353,121.53966,39.7,3500000,12944,3,1,1,yes,no,no,no,no,0,no,unfurnished
405.0,2013.333,16.4,289.3248,5.0,24.98203,121.54348,41.2,3493000,4900,3,1,2,no,no,no,no,no,0,no,unfurnished
406.0,2012.667,23.0,130.9945,6.0,24.95663,121.53765,37.2,3465000,3060,3,1,1,yes,no,no,no,no,0,no,unfurnished
407.0,2013.167,1.9,372.1386,7.0,24.97293,121.54026,40.5,3465000,5320,2,1,1,yes,no,no,no,no,1,yes,unfurnished
408.0,2013.0,5.2,2408.993,0.0,24.95505,121.55964,22.3,3465000,2145,3,1,3,yes,no,no,no,no,0,yes,furnished
409.0,2013.417,18.5,2175.744,3.0,24.9633,121.51243,28.1,3430000,4000,2,1,1,yes,no,no,no,no,0,no,unfurnished
410.0,2013.0,13.7,4082.015,0.0,24.94155,121.50381,15.4,3430000,3185,2,1,1,yes,no,no,no,no,2,no,unfurnished
411.0,2012.667,5.6,90.45606,9.0,24.97433,121.5431,50.0,3430000,3850,3,1,1,yes,no,no,no,no,0,no,unfurnished
412.0,2013.25,18.8,390.9696,7.0,24.97923,121.53986,40.6,3430000,2145,3,1,3,yes,no,no,no,no,0,yes,furnished
413.0,2013.0,8.1,104.8101,5.0,24.96674,121.54067,52.5,3430000,2610,3,1,2,yes,no,yes,no,no,0,yes,unfurnished
414.0,2013.5,6.5,90.45606,9.0,24.97433,121.5431,63.9,3430000,1950,3,2,2,yes,no,yes,no,no,0,yes,unfurnished
,,,,,,,,3423000,4040,2,1,1,yes,no,no,no,no,0,no,unfurnished
,,,,,,,,3395000,4785,3,1,2,yes,yes,yes,no,yes,1,no,furnished
,,,,,,,,3395000,3450,3,1,1,yes,no,yes,no,no,2,no,unfurnished
,,,,,,,,3395000,3640,2,1,1,yes,no,no,no,no,0,no,furnished
,,,,,,,,3360000,3500,4,1,2,yes,no,no,no,yes,2,no,unfurnished
,,,,,,,,3360000,4960,4,1,3,no,no,no,no,no,0,no,semi-furnished
,,,,,,,,3360000,4120,2,1,2,yes,no,no,no,no,0,no,unfurnished
,,,,,,,,3360000,4750,2,1,1,yes,no,no,no,no,0,no,unfurnished
,,,,,,,,3360000,3720,2,1,1,no,no,no,no,yes,0,no,unfurnished
,,,,,,,,3360000,3750,3,1,1,yes,no,no,no,no,0,no,unfurnished
,,,,,,,,3360000,3100,3,1,2,no,no,yes,no,no,0,no,semi-furnished
,,,,,,,,3360000,3185,2,1,1,yes,no,yes,no,no,2,no,furnished
,,,,,,,,3353000,2700,3,1,1,no,no,no,no,no,0,no,furnished
,,,,,,,,3332000,2145,3,1,2,yes,no,yes,no,no,0,yes,furnished
,,,,,,,,3325000,4040,2,1,1,yes,no,no,no,no,1,no,unfurnished
,,,,,,,,3325000,4775,4,1,2,yes,no,no,no,no,0,no,unfurnished
,,,,,,,,3290000,2500,2,1,1,no,no,no,no,yes,0,no,unfurnished
,,,,,,,,3290000,3180,4,1,2,yes,no,yes,no,yes,0,no,unfurnished
,,,,,,,,3290000,6060,3,1,1,yes,yes,yes,no,no,0,no,furnished
,,,,,,,,3290000,3480,4,1,2,no,no,no,no,no,1,no,semi-furnished
,,,,,,,,3290000,3792,4,1,2,yes,no,no,no,no,0,no,semi-furnished
,,,,,,,,3290000,4040,2,1,1,yes,no,no,no,no,0,no,unfurnished
,,,,,,,,3290000,2145,3,1,2,yes,no,yes,no,no,0,yes,furnished
,,,,,,,,3290000,5880,3,1,1,yes,no,no,no,no,1,no,unfurnished
,,,,,,,,3255000,4500,2,1,1,no,no,no,no,no,0,no,semi-furnished
,,,,,,,,3255000,3930,2,1,1,no,no,no,no,no,0,no,unfurnished
,,,,,,,,3234000,3640,4,1,2,yes,no,yes,no,no,0,no,unfurnished
,,,,,,,,3220000,4370,3,1,2,yes,no,no,no,no,0,no,unfurnished
,,,,,,,,3220000,2684,2,1,1,yes,no,no,no,yes,1,no,unfurnished
,,,,,,,,3220000,4320,3,1,1,no,no,no,no,no,1,no,unfurnished
,,,,,,,,3220000,3120,3,1,2,no,no,no,no,no,0,no,furnished
,,,,,,,,3150000,3450,1,1,1,yes,no,no,no,no,0,no,furnished
,,,,,,,,3150000,3986,2,2,1,no,yes,yes,no,no,1,no,unfurnished
,,,,,,,,3150000,3500,2,1,1,no,no,yes,no,no,0,no,semi-furnished
,,,,,,,,3150000,4095,2,1,1,yes,no,no,no,no,2,no,semi-furnished
,,,,,,,,3150000,1650,3,1,2,no,no,yes,no,no,0,no,unfurnished
,,,,,,,,3150000,3450,3,1,2,yes,no,yes,no,no,0,no,semi-furnished
,,,,,,,,3150000,6750,2,1,1,yes,no,no,no,no,0,no,semi-furnished
,,,,,,,,3150000,9000,3,1,2,yes,no,no,no,no,2,no,semi-furnished
,,,,,,,,3150000,3069,2,1,1,yes,no,no,no,no,1,no,unfurnished
,,,,,,,,3143000,4500,3,1,2,yes,no,no,no,yes,0,no,unfurnished
,,,,,,,,3129000,5495,3,1,1,yes,no,yes,no,no,0,no,unfurnished
,,,,,,,,3118850,2398,3,1,1,yes,no,no,no,no,0,yes,semi-furnished
,,,,,,,,3115000,3000,3,1,1,no,no,no,no,yes,0,no,unfurnished
,,,,,,,,3115000,3850,3,1,2,yes,no,no,no,no,0,no,unfurnished
,,,,,,,,3115000,3500,2,1,1,yes,no,no,no,no,0,no,unfurnished
,,,,,,,,3087000,8100,2,1,1,yes,no,no,no,no,1,no,unfurnished
,,,,,,,,3080000,4960,2,1,1,yes,no,yes,no,yes,0,no,unfurnished
,,,,,,,,3080000,2160,3,1,2,no,no,yes,no,no,0,no,semi-furnished
,,,,,,,,3080000,3090,2,1,1,yes,yes,yes,no,no,0,no,unfurnished
,,,,,,,,3080000,4500,2,1,2,yes,no,no,yes,no,1,no,semi-furnished
,,,,,,,,3045000,3800,2,1,1,yes,no,no,no,no,0,no,unfurnished
,,,,,,,,3010000,3090,3,1,2,no,no,no,no,no,0,no,semi-furnished
,,,,,,,,3010000,3240,3,1,2,yes,no,no,no,no,2,no,semi-furnished
,,,,,,,,3010000,2835,2,1,1,yes,no,no,no,no,0,no,semi-furnished
,,,,,,,,3010000,4600,2,1,1,yes,no,no,no,no,0,no,furnished
,,,,,,,,3010000,5076,3,1,1,no,no,no,no,no,0,no,unfurnished
,,,,,,,,3010000,3750,3,1,2,yes,no,no,no,no,0,no,unfurnished
,,,,,,,,3010000,3630,4,1,2,yes,no,no,no,no,3,no,semi-furnished
,,,,,,,,3003000,8050,2,1,1,yes,no,no,no,no,0,no,unfurnished
,,,,,,,,2975000,4352,4,1,2,no,no,no,no,no,1,no,unfurnished
,,,,,,,,2961000,3000,2,1,2,yes,no,no,no,no,0,no,semi-furnished
,,,,,,,,2940000,5850,3,1,2,yes,no,yes,no,no,1,no,unfurnished
,,,,,,,,2940000,4960,2,1,1,yes,no,no,no,no,0,no,unfurnished
,,,,,,,,2940000,3600,3,1,2,no,no,no,no,no,1,no,unfurnished
,,,,,,,,2940000,3660,4,1,2,no,no,no,no,no,0,no,unfurnished
,,,,,,,,2940000,3480,3,1,2,no,no,no,no,no,1,no,semi-furnished
,,,,,,,,2940000,2700,2,1,1,no,no,no,no,no,0,no,furnished
,,,,,,,,2940000,3150,3,1,2,no,no,no,no,no,0,no,unfurnished
,,,,,,,,2940000,6615,3,1,2,yes,no,no,no,no,0,no,semi-furnished
,,,,,,,,2870000,3040,2,1,1,no,no,no,no,no,0,no,unfurnished
,,,,,,,,2870000,3630,2,1,1,yes,no,no,no,no,0,no,unfurnished
,,,,,,,,2870000,6000,2,1,1,yes,no,no,no,no,0,no,semi-furnished
,,,,,,,,2870000,5400,4,1,2,yes,no,no,no,no,0,no,unfurnished
,,,,,,,,2852500,5200,4,1,3,yes,no,no,no,no,0,no,unfurnished
,,,,,,,,2835000,3300,3,1,2,no,no,no,no,no,1,no,semi-furnished
,,,,,,,,2835000,4350,3,1,2,no,no,no,yes,no,1,no,unfurnished
,,,,,,,,2835000,2640,2,1,1,no,no,no,no,no,1,no,furnished
,,,,,,,,2800000,2650,3,1,2,yes,no,yes,no,no,1,no,unfurnished
,,,,,,,,2800000,3960,3,1,1,yes,no,no,no,no,0,no,furnished
,,,,,,,,2730000,6800,2,1,1,yes,no,no,no,no,0,no,unfurnished
,,,,,,,,2730000,4000,3,1,2,yes,no,no,no,no,1,no,unfurnished
,,,,,,,,2695000,4000,2,1,1,yes,no,no,no,no,0,no,unfurnished
,,,,,,,,2660000,3934,2,1,1,yes,no,no,no,no,0,no,unfurnished
,,,,,,,,2660000,2000,2,1,2,yes,no,no,no,no,0,no,semi-furnished
,,,,,,,,2660000,3630,3,3,2,no,yes,no,no,no,0,no,unfurnished
,,,,,,,,2660000,2800,3,1,1,yes,no,no,no,no,0,no,unfurnished
,,,,,,,,2660000,2430,3,1,1,no,no,no,no,no,0,no,unfurnished
,,,,,,,,2660000,3480,2,1,1,yes,no,no,no,no,1,no,semi-furnished
,,,,,,,,2660000,4000,3,1,1,yes,no,no,no,no,0,no,semi-furnished
,,,,,,,,2653000,3185,2,1,1,yes,no,no,no,yes,0,no,unfurnished
,,,,,,,,2653000,4000,3,1,2,yes,no,no,no,yes,0,no,unfurnished
,,,,,,,,2604000,2910,2,1,1,no,no,no,no,no,0,no,unfurnished
,,,,,,,,2590000,3600,2,1,1,yes,no,no,no,no,0,no,unfurnished
,,,,,,,,2590000,4400,2,1,1,yes,no,no,no,no,0,no,unfurnished
,,,,,,,,2590000,3600,2,2,2,yes,no,yes,no,no,1,no,furnished
,,,,,,,,2520000,2880,3,1,1,no,no,no,no,no,0,no,unfurnished
,,,,,,,,2520000,3180,3,1,1,no,no,no,no,no,0,no,unfurnished
,,,,,,,,2520000,3000,2,1,2,yes,no,no,no,no,0,no,furnished
,,,,,,,,2485000,4400,3,1,2,yes,no,no,no,no,0,no,unfurnished
,,,,,,,,2485000,3000,3,1,2,no,no,no,no,no,0,no,semi-furnished
,,,,,,,,2450000,3210,3,1,2,yes,no,yes,no,no,0,no,unfurnished
,,,,,,,,2450000,3240,2,1,1,no,yes,no,no,no,1,no,unfurnished
,,,,,,,,2450000,3000,2,1,1,yes,no,no,no,no,1,no,unfurnished
,,,,,,,,2450000,3500,2,1,1,yes,yes,no,no,no,0,no,unfurnished
,,,,,,,,2450000,4840,2,1,2,yes,no,no,no,no,0,no,unfurnished
,,,,,,,,2450000,7700,2,1,1,yes,no,no,no,no,0,no,unfurnished
,,,,,,,,2408000,3635,2,1,1,no,no,no,no,no,0,no,unfurnished
,,,,,,,,2380000,2475,3,1,2,yes,no,no,no,no,0,no,furnished
,,,,,,,,2380000,2787,4,2,2,yes,no,no,no,no,0,no,furnished
,,,,,,,,2380000,3264,2,1,1,yes,no,no,no,no,0,no,unfurnished
,,,,,,,,2345000,3640,2,1,1,yes,no,no,no,no,0,no,unfurnished
,,,,,,,,2310000,3180,2,1,1,yes,no,no,no,no,0,no,unfurnished
,,,,,,,,2275000,1836,2,1,1,no,no,yes,no,no,0,no,semi-furnished
,,,,,,,,2275000,3970,1,1,1,no,no,no,no,no,0,no,unfurnished
,,,,,,,,2275000,3970,3,1,2,yes,no,yes,no,no,0,no,unfurnished
,,,,,,,,2240000,1950,3,1,1,no,no,no,yes,no,0,no,unfurnished
,,,,,,,,2233000,5300,3,1,1,no,no,no,no,yes,0,yes,unfurnished
,,,,,,,,2135000,3000,2,1,1,no,no,no,no,no,0,no,unfurnished
,,,,,,,,2100000,2400,3,1,2,yes,no,no,no,no,0,no,unfurnished
,,,,,,,,2100000,3000,4,1,2,yes,no,no,no,no,0,no,unfurnished
,,,,,,,,2100000,3360,2,1,1,yes,no,no,no,no,1,no,unfurnished
,,,,,,,,1960000,3420,5,1,2,no,no,no,no,no,0,no,unfurnished
,,,,,,,,1890000,1700,3,1,2,yes,no,no,no,no,0,no,unfurnished
,,,,,,,,1890000,3649,2,1,1,yes,no,no,no,no,0,no,unfurnished
,,,,,,,,1855000,2990,2,1,1,no,no,no,no,no,1,no,unfurnished
,,,,,,,,1820000,3000,2,1,1,yes,no,yes,no,no,2,no,unfurnished
,,,,,,,,1767150,2400,3,1,1,no,no,no,no,no,0,no,semi-furnished
,,,,,,,,1750000,3620,2,1,1,yes,no,no,no,no,0,no,unfurnished
,,,,,,,,1750000,2910,3,1,1,no,no,no,no,no,0,no,furnished
,,,,,,,,1750000,3850,3,1,2,yes,no,no,no,no,0,no,unfurnished
